timestamp,unit_id,unit_type,empire_or_resistance,location_x,location_y,destination_x,destination_y,homeworld
2025-07-09 09:10:13,1,resistance_soldier,resistance,4,10,6,7,Trandosha
2025-07-09 09:10:12,2,tie_silencer,empire,10,3,8,4,Ojom
2025-07-09 09:10:11,3,at-at,resistance,9,9,8,9,Kashyyyk
2025-07-09 09:10:10,4,at-at,resistance,9,6,2,6,Zolan
2025-07-09 09:10:09,5,tie_fighter,empire,1,3,9,4,Concord Dawn
2025-07-09 09:10:08,6,tie_fighter,empire,3,10,10,6,Iridonia
2025-07-09 09:10:07,7,tie_silencer,empire,4,7,9,3,Rodia
2025-07-09 09:10:06,8,unknown,resistance,9,1,3,7,Ryloth
2025-07-09 09:10:05,9,at-st,resistance,3,7,10,1,Alderaan
2025-07-09 09:10:04,10,tie_fighter,resistance,6,2,5,6,Trandosha
2025-07-09 09:10:03,11,tie_fighter,empire,4,5,5,7,Stewjon
2025-07-09 09:10:02,12,at-st,empire,9,4,2,5,Eriadu
2025-07-09 09:10:01,13,unknown,empire,2,5,3,7,Iridonia
2025-07-09 09:10:00,14,at-at,resistance,9,7,5,5,Mon Cala
2025-07-09 09:09:59,15,tie_fighter,empire,4,2,10,9,Stewjon
2025-07-09 09:09:58,16,x-wing,resistance,9,2,2,2,Kalee
2025-07-09 09:09:57,17,at-st,empire,6,7,10,4,Tatooine
2025-07-09 09:09:56,18,at-at,empire,10,6,2,5,Haruun Kal
2025-07-09 09:09:55,19,tie_fighter,resistance,8,10,10,5,Zolan
2025-07-09 09:09:54,20,resistance_soldier,resistance,10,4,5,4,Dorin
2025-07-09 09:09:53,21,x-wing,empire,10,6,1,6,Haruun Kal
2025-07-09 09:09:52,22,resistance_soldier,empire,8,1,3,6,Tatooine
2025-07-09 09:09:51,23,tie_silencer,resistance,10,2,4,2,Haruun Kal
2025-07-09 09:09:50,24,at-at,resistance,2,2,7,3,Eriadu
2025-07-09 09:09:49,25,unknown,resistance,7,6,2,6,Glee Anselm
2025-07-09 09:09:48,26,at-st,empire,10,4,10,6,Vulpter
2025-07-09 09:09:47,27,x-wing,empire,9,5,8,9,Skako
2025-07-09 09:09:46,28,tie_silencer,resistance,3,3,7,10,Dorin
2025-07-09 09:09:45,29,x-wing,empire,7,4,3,6,Ojom
2025-07-09 09:09:44,30,at-at,empire,1,4,6,10,Ryloth
2025-07-09 09:09:43,31,tie_fighter,resistance,7,2,3,10,Alderaan
2025-07-09 09:09:42,32,unknown,empire,3,10,2,7,Umbara
2025-07-09 09:09:41,33,tie_fighter,empire,8,7,8,9,Haruun Kal
2025-07-09 09:09:40,34,at-at,empire,8,8,9,3,Malastare
2025-07-09 09:09:39,35,x-wing,resistance,8,8,6,1,Dagobah
2025-07-09 09:09:38,36,stormtrooper,empire,10,4,1,8,Skako
2025-07-09 09:09:37,37,at-st,resistance,9,9,8,10,Haruun Kal
2025-07-09 09:09:36,38,at-at,resistance,3,8,8,1,Mirial
2025-07-09 09:09:35,39,x-wing,empire,10,7,4,10,Iktotch
2025-07-09 09:09:34,40,stormtrooper,empire,4,4,3,1,Ojom
2025-07-09 09:09:33,41,x-wing,empire,3,7,4,9,Dagobah
2025-07-09 09:09:32,42,resistance_soldier,resistance,5,2,9,3,Kashyyyk
2025-07-09 09:09:31,43,tie_fighter,empire,1,5,10,7,Concord Dawn
2025-07-09 09:09:30,44,tie_silencer,empire,9,1,8,7,Champala
2025-07-09 09:09:29,45,at-at,resistance,1,8,2,9,Stewjon
2025-07-09 09:09:28,46,tie_silencer,empire,2,6,7,5,Toydaria
2025-07-09 09:09:27,47,stormtrooper,empire,1,8,5,9,Glee Anselm
2025-07-09 09:09:26,48,at-st,resistance,9,5,2,10,Concord Dawn
2025-07-09 09:09:25,49,resistance_soldier,empire,5,6,9,8,Quermia
2025-07-09 09:09:24,50,at-at,empire,9,4,10,5,Mirial
2025-07-09 09:09:23,51,stormtrooper,resistance,2,2,8,6,Ryloth
2025-07-09 09:09:22,52,unknown,resistance,10,9,4,9,Alderaan
2025-07-09 09:09:21,53,x-wing,resistance,8,8,6,1,Stewjon
2025-07-09 09:09:20,54,at-at,resistance,6,7,3,1,Dathomir
2025-07-09 09:09:19,55,tie_fighter,resistance,4,2,7,1,Naboo
2025-07-09 09:09:18,56,tie_silencer,resistance,6,1,8,2,Toydaria
2025-07-09 09:09:17,57,at-st,resistance,10,10,1,9,Iridonia
2025-07-09 09:09:16,58,tie_fighter,resistance,4,5,10,4,Bestine IV
2025-07-09 09:09:15,59,resistance_soldier,empire,9,5,8,3,Naboo
2025-07-09 09:09:14,60,tie_fighter,empire,7,2,9,7,Trandosha
2025-07-09 09:09:13,61,stormtrooper,empire,4,6,7,3,Serenno
2025-07-09 09:09:12,62,tie_fighter,empire,9,10,9,1,Ryloth
2025-07-09 09:09:11,63,x-wing,empire,8,1,6,8,Muunilinst
2025-07-09 09:09:10,64,tie_fighter,resistance,4,6,5,6,Dorin
2025-07-09 09:09:09,65,resistance_soldier,empire,6,5,5,3,Ojom
2025-07-09 09:09:08,66,tie_silencer,empire,10,6,7,2,Concord Dawn
2025-07-09 09:09:07,67,at-st,empire,7,8,4,2,Umbara
2025-07-09 09:09:06,68,at-st,empire,3,5,8,5,Serenno
2025-07-09 09:09:05,69,at-at,empire,2,3,2,10,Vulpter
2025-07-09 09:09:04,70,tie_fighter,resistance,4,6,8,9,Cerea
2025-07-09 09:09:03,71,resistance_soldier,resistance,3,1,6,2,Troiken
2025-07-09 09:09:02,72,x-wing,empire,9,9,8,4,Malastare
2025-07-09 09:09:01,73,stormtrooper,resistance,9,1,7,5,Shili
2025-07-09 09:09:00,74,tie_silencer,empire,3,3,10,7,Ryloth
2025-07-09 09:08:59,75,resistance_soldier,resistance,6,7,4,8,Iridonia
2025-07-09 09:08:58,76,x-wing,empire,5,1,7,4,Mon Cala
2025-07-09 09:08:57,77,stormtrooper,empire,3,6,5,3,Dagobah
2025-07-09 09:08:56,78,unknown,resistance,6,8,6,6,Kalee
2025-07-09 09:08:55,79,x-wing,empire,9,1,9,10,Concord Dawn
2025-07-09 09:08:54,80,at-st,resistance,9,10,6,6,Naboo
2025-07-09 09:08:53,81,unknown,empire,1,8,10,7,Kalee
2025-07-09 09:08:52,82,at-st,empire,9,2,8,9,Skako
2025-07-09 09:08:51,83,stormtrooper,resistance,1,10,10,3,Ryloth
2025-07-09 09:08:50,84,at-at,resistance,1,10,9,7,Sullust
2025-07-09 09:08:49,85,x-wing,empire,2,1,4,7,Concord Dawn
2025-07-09 09:08:48,86,resistance_soldier,empire,6,5,7,1,Stewjon
2025-07-09 09:08:47,87,at-at,resistance,8,4,3,3,Mon Cala
2025-07-09 09:08:46,88,at-st,resistance,4,6,4,4,Kalee
2025-07-09 09:08:45,89,tie_silencer,empire,9,2,3,1,Corellia
2025-07-09 09:08:44,90,x-wing,empire,8,4,2,4,Corellia
2025-07-09 09:08:43,91,tie_fighter,empire,3,1,4,2,Tatooine
2025-07-09 09:08:42,92,unknown,empire,4,10,9,2,Bestine IV
2025-07-09 09:08:41,93,tie_silencer,empire,3,7,4,9,Trandosha
2025-07-09 09:08:40,94,tie_fighter,resistance,4,1,7,3,Rodia
2025-07-09 09:08:39,95,unknown,resistance,3,9,6,9,Alderaan
2025-07-09 09:08:38,96,resistance_soldier,empire,10,3,4,3,Eriadu
2025-07-09 09:08:37,97,x-wing,empire,3,4,1,2,Zolan
2025-07-09 09:08:36,98,x-wing,resistance,2,10,1,2,Haruun Kal
2025-07-09 09:08:35,99,stormtrooper,empire,6,8,2,7,Iktotch
2025-07-09 09:08:34,100,stormtrooper,empire,6,4,10,7,Iktotch
2025-07-09 09:08:33,101,at-st,empire,8,10,6,3,Malastare
2025-07-09 09:08:32,102,at-st,resistance,5,10,9,3,Chandrila
2025-07-09 09:08:31,103,tie_silencer,resistance,7,6,4,9,Tholoth
2025-07-09 09:08:30,104,tie_fighter,empire,5,2,6,3,Socorro
2025-07-09 09:08:29,105,tie_fighter,resistance,1,8,9,8,Ojom
2025-07-09 09:08:28,106,at-at,empire,8,3,6,6,Kalee
2025-07-09 09:08:27,107,at-st,resistance,8,6,6,9,Haruun Kal
2025-07-09 09:08:26,108,tie_silencer,resistance,1,9,1,3,Socorro
2025-07-09 09:08:25,109,tie_silencer,empire,2,2,2,7,Aleen Minor
2025-07-09 09:08:24,110,at-st,resistance,2,9,6,7,Zolan
2025-07-09 09:08:23,111,at-at,resistance,4,6,2,3,Kashyyyk
2025-07-09 09:08:22,112,tie_fighter,resistance,7,6,7,7,Tholoth
2025-07-09 09:08:21,113,tie_fighter,resistance,6,10,6,8,Iridonia
2025-07-09 09:08:20,114,x-wing,resistance,4,8,8,8,Kalee
2025-07-09 09:08:19,115,stormtrooper,resistance,4,1,9,6,Vulpter
2025-07-09 09:08:18,116,at-st,empire,4,1,10,4,Serenno
2025-07-09 09:08:17,117,unknown,empire,5,4,7,3,Ryloth
2025-07-09 09:08:16,118,tie_silencer,resistance,3,4,7,5,Alderaan
2025-07-09 09:08:15,119,unknown,resistance,1,1,3,4,Kalee
2025-07-09 09:08:14,120,at-st,empire,9,1,6,5,Ryloth
2025-07-09 09:08:13,121,unknown,resistance,6,4,4,2,Dorin
2025-07-09 09:08:12,122,stormtrooper,resistance,8,6,8,10,Tatooine
2025-07-09 09:08:11,123,tie_fighter,empire,5,3,10,1,Muunilinst
2025-07-09 09:08:10,124,tie_fighter,empire,7,7,1,7,Dorin
2025-07-09 09:08:09,125,tie_fighter,resistance,1,9,3,10,Rodia
2025-07-09 09:08:08,126,at-st,resistance,3,7,4,4,Iktotch
2025-07-09 09:08:07,127,tie_fighter,resistance,5,5,4,5,Sullust
2025-07-09 09:08:06,128,tie_fighter,empire,7,9,6,6,Muunilinst
2025-07-09 09:08:05,129,at-st,resistance,6,8,8,2,Dorin
2025-07-09 09:08:04,130,tie_fighter,empire,10,5,9,10,Dagobah
2025-07-09 09:08:03,131,unknown,empire,8,5,6,9,Quermia
2025-07-09 09:08:02,132,stormtrooper,resistance,4,5,8,8,Vulpter
2025-07-09 09:08:01,133,at-at,resistance,6,4,1,4,Iridonia
2025-07-09 09:08:00,134,x-wing,empire,8,6,2,5,Zolan
2025-07-09 09:07:59,135,tie_silencer,empire,2,8,3,8,Trandosha
2025-07-09 09:07:58,136,stormtrooper,empire,9,1,8,4,Toydaria
2025-07-09 09:07:57,137,tie_fighter,empire,8,9,3,3,Trandosha
2025-07-09 09:07:56,138,at-st,resistance,9,5,1,7,Rodia
2025-07-09 09:07:55,139,x-wing,empire,6,2,8,3,Troiken
2025-07-09 09:07:54,140,tie_silencer,resistance,6,1,4,10,Socorro
2025-07-09 09:07:53,141,at-at,resistance,2,2,2,9,Kashyyyk
2025-07-09 09:07:52,142,unknown,empire,8,3,2,2,Serenno
2025-07-09 09:07:51,143,stormtrooper,empire,8,10,3,7,Toydaria
2025-07-09 09:07:50,144,tie_fighter,empire,3,6,1,3,Tholoth
2025-07-09 09:07:49,145,tie_fighter,resistance,9,1,9,1,Haruun Kal
2025-07-09 09:07:48,146,tie_fighter,empire,4,2,6,3,Ojom
2025-07-09 09:07:47,147,tie_fighter,empire,10,3,4,4,Corellia
2025-07-09 09:07:46,148,tie_fighter,resistance,2,6,4,1,Tholoth
2025-07-09 09:07:45,149,resistance_soldier,empire,6,10,6,8,Dagobah
2025-07-09 09:07:44,150,unknown,empire,1,5,9,1,Corellia
2025-07-09 09:07:43,151,x-wing,empire,9,1,1,4,Bestine IV
2025-07-09 09:07:42,152,tie_silencer,resistance,1,7,2,10,Toydaria
2025-07-09 09:07:41,153,stormtrooper,resistance,6,4,1,9,Zolan
2025-07-09 09:07:40,154,x-wing,empire,4,2,2,6,Tund
2025-07-09 09:07:39,155,resistance_soldier,empire,6,5,9,5,Serenno
2025-07-09 09:07:38,156,tie_silencer,resistance,8,4,5,6,Ryloth
2025-07-09 09:07:37,157,tie_fighter,resistance,5,5,2,3,Haruun Kal
2025-07-09 09:07:36,158,unknown,empire,10,2,10,7,Mirial
2025-07-09 09:07:35,159,tie_silencer,resistance,2,3,6,6,Umbara
2025-07-09 09:07:34,160,tie_silencer,empire,7,10,8,9,Dagobah
2025-07-09 09:07:33,161,x-wing,empire,3,3,9,6,Corellia
2025-07-09 09:07:32,162,x-wing,resistance,2,3,5,3,Alderaan
2025-07-09 09:07:31,163,stormtrooper,resistance,9,5,7,5,Haruun Kal
2025-07-09 09:07:30,164,x-wing,empire,3,10,5,10,Trandosha
2025-07-09 09:07:29,165,tie_fighter,empire,3,10,6,5,Cerea
2025-07-09 09:07:28,166,tie_fighter,resistance,6,1,1,9,Iridonia
2025-07-09 09:07:27,167,tie_fighter,resistance,1,10,7,1,Kashyyyk
2025-07-09 09:07:26,168,tie_silencer,resistance,4,8,5,9,Alderaan
2025-07-09 09:07:25,169,stormtrooper,resistance,2,3,4,4,Zolan
2025-07-09 09:07:24,170,tie_fighter,resistance,8,5,9,3,Aleen Minor
2025-07-09 09:07:23,171,unknown,empire,4,5,9,1,Muunilinst
2025-07-09 09:07:22,172,tie_silencer,resistance,7,8,5,8,Mirial
2025-07-09 09:07:21,173,tie_silencer,resistance,8,8,4,5,Troiken
2025-07-09 09:07:20,174,resistance_soldier,resistance,9,4,8,7,Mon Cala
2025-07-09 09:07:19,175,unknown,empire,7,8,9,9,Trandosha
2025-07-09 09:07:18,176,tie_fighter,empire,7,3,1,9,Stewjon
2025-07-09 09:07:17,177,unknown,resistance,10,7,7,1,Mon Cala
2025-07-09 09:07:16,178,stormtrooper,empire,8,9,2,2,Rodia
2025-07-09 09:07:15,179,tie_silencer,empire,3,2,7,7,Tatooine
2025-07-09 09:07:14,180,x-wing,empire,9,3,1,9,Trandosha
2025-07-09 09:07:13,181,at-st,empire,9,1,4,6,Skako
2025-07-09 09:07:12,182,tie_silencer,empire,5,4,10,10,Tholoth
2025-07-09 09:07:11,183,resistance_soldier,resistance,10,7,10,2,Mirial
2025-07-09 09:07:10,184,unknown,resistance,6,5,8,9,Ryloth
2025-07-09 09:07:09,185,unknown,empire,7,4,4,4,Dathomir
2025-07-09 09:07:08,186,at-st,resistance,10,9,4,2,Alderaan
2025-07-09 09:07:07,187,resistance_soldier,resistance,9,5,2,2,Troiken
2025-07-09 09:07:06,188,stormtrooper,resistance,8,7,10,6,Muunilinst
2025-07-09 09:07:05,189,at-at,empire,10,10,9,4,Champala
2025-07-09 09:07:04,190,at-at,resistance,3,7,1,4,Socorro
2025-07-09 09:07:03,191,at-st,resistance,7,4,10,6,Rodia
2025-07-09 09:07:02,192,stormtrooper,resistance,4,3,2,4,Troiken
2025-07-09 09:07:01,193,at-st,empire,4,4,4,8,Kalee
2025-07-09 09:07:00,194,stormtrooper,empire,9,6,8,10,Kalee
2025-07-09 09:06:59,195,at-at,resistance,1,7,6,10,Stewjon
2025-07-09 09:06:58,196,unknown,resistance,2,4,4,9,Ryloth
2025-07-09 09:06:57,197,tie_silencer,resistance,4,5,10,4,Iktotch
2025-07-09 09:06:56,198,at-at,empire,8,5,6,8,Kalee
2025-07-09 09:06:55,199,stormtrooper,resistance,8,10,7,3,Concord Dawn
2025-07-09 09:06:54,200,tie_silencer,empire,4,7,3,6,Eriadu
2025-07-09 09:06:53,201,tie_fighter,empire,2,7,7,5,Shili
2025-07-09 09:06:52,202,at-st,empire,10,10,8,3,Concord Dawn
2025-07-09 09:06:51,203,stormtrooper,empire,8,7,2,3,Malastare
2025-07-09 09:06:50,204,resistance_soldier,resistance,4,9,3,6,Troiken
2025-07-09 09:06:49,205,at-st,empire,5,4,10,7,Eriadu
2025-07-09 09:06:48,206,resistance_soldier,resistance,10,9,1,5,Haruun Kal
2025-07-09 09:06:47,207,resistance_soldier,resistance,2,6,5,6,Champala
2025-07-09 09:06:46,208,resistance_soldier,empire,6,7,10,8,Dorin
2025-07-09 09:06:45,209,stormtrooper,empire,9,10,7,4,Malastare
2025-07-09 09:06:44,210,x-wing,resistance,1,2,1,5,Haruun Kal
2025-07-09 09:06:43,211,resistance_soldier,resistance,7,10,6,9,Chandrila
2025-07-09 09:06:42,212,tie_silencer,empire,1,9,9,8,Bestine IV
2025-07-09 09:06:41,213,resistance_soldier,resistance,1,8,1,2,Champala
2025-07-09 09:06:40,214,at-at,resistance,5,7,10,1,Iridonia
2025-07-09 09:06:39,215,x-wing,resistance,2,5,4,9,Dorin
2025-07-09 09:06:38,216,resistance_soldier,empire,10,2,7,9,Eriadu
2025-07-09 09:06:37,217,stormtrooper,resistance,9,10,5,1,Mirial
2025-07-09 09:06:36,218,stormtrooper,resistance,1,8,9,9,Glee Anselm
2025-07-09 09:06:35,219,x-wing,resistance,9,6,2,9,Mirial
2025-07-09 09:06:34,220,tie_fighter,resistance,8,5,8,7,Socorro
2025-07-09 09:06:33,221,at-at,empire,8,7,6,3,Champala
2025-07-09 09:06:32,222,at-st,resistance,7,4,8,2,Bestine IV
2025-07-09 09:06:31,223,tie_silencer,resistance,7,9,2,5,Cerea
2025-07-09 09:06:30,224,unknown,resistance,5,3,5,8,Umbara
2025-07-09 09:06:29,225,x-wing,resistance,7,3,10,10,Rodia
2025-07-09 09:06:28,226,x-wing,empire,2,1,7,5,Stewjon
2025-07-09 09:06:27,227,resistance_soldier,empire,8,6,1,9,Ojom
2025-07-09 09:06:26,228,resistance_soldier,resistance,5,8,3,3,Troiken
2025-07-09 09:06:25,229,x-wing,empire,1,9,6,8,Muunilinst
2025-07-09 09:06:24,230,x-wing,resistance,5,9,7,2,Glee Anselm
2025-07-09 09:06:23,231,at-at,resistance,7,1,1,9,Bestine IV
2025-07-09 09:06:22,232,x-wing,empire,3,4,2,1,Tatooine
2025-07-09 09:06:21,233,tie_fighter,resistance,7,10,1,3,Troiken
2025-07-09 09:06:20,234,tie_fighter,resistance,6,6,4,2,Glee Anselm
2025-07-09 09:06:19,235,x-wing,resistance,7,6,4,3,Sullust
2025-07-09 09:06:18,236,unknown,resistance,5,9,3,9,Concord Dawn
2025-07-09 09:06:17,237,resistance_soldier,resistance,9,5,10,4,Vulpter
2025-07-09 09:06:16,238,at-st,empire,10,1,6,8,Toydaria
2025-07-09 09:06:15,239,at-at,empire,10,7,5,5,Toydaria
2025-07-09 09:06:14,240,tie_silencer,empire,4,3,5,8,Ojom
2025-07-09 09:06:13,241,at-st,empire,7,8,10,7,Iridonia
2025-07-09 09:06:12,242,at-at,resistance,8,7,7,7,Iktotch
2025-07-09 09:06:11,243,resistance_soldier,empire,6,4,10,6,Tatooine
2025-07-09 09:06:10,244,unknown,empire,1,4,9,8,Socorro
2025-07-09 09:06:09,245,stormtrooper,resistance,7,6,2,5,Naboo
2025-07-09 09:06:08,246,at-st,empire,6,9,6,2,Dagobah
2025-07-09 09:06:07,247,at-st,resistance,9,2,2,8,Sullust
2025-07-09 09:06:06,248,at-at,resistance,2,3,2,2,Mirial
2025-07-09 09:06:05,249,tie_silencer,resistance,10,6,3,10,Rodia
2025-07-09 09:06:04,250,tie_fighter,resistance,8,6,5,10,Mirial
2025-07-09 09:06:03,251,at-at,resistance,2,10,9,10,Cerea
2025-07-09 09:06:02,252,resistance_soldier,resistance,7,7,6,3,Iktotch
2025-07-09 09:06:01,253,at-at,resistance,10,6,2,8,Naboo
2025-07-09 09:06:00,254,unknown,empire,4,10,2,2,Toydaria
2025-07-09 09:05:59,255,x-wing,resistance,5,7,4,4,Zolan
2025-07-09 09:05:58,256,at-at,resistance,10,5,10,9,Champala
2025-07-09 09:05:57,257,resistance_soldier,empire,9,1,3,1,Kalee
2025-07-09 09:05:56,258,x-wing,resistance,6,10,6,1,Zolan
2025-07-09 09:05:55,259,resistance_soldier,resistance,9,3,5,6,Naboo
2025-07-09 09:05:54,260,unknown,resistance,8,10,2,3,Glee Anselm
2025-07-09 09:05:53,261,tie_fighter,resistance,6,1,10,1,Vulpter
2025-07-09 09:05:52,262,at-st,empire,8,5,5,3,Socorro
2025-07-09 09:05:51,263,x-wing,empire,9,1,4,3,Tund
2025-07-09 09:05:50,264,at-at,resistance,5,7,8,5,Troiken
2025-07-09 09:05:49,265,unknown,resistance,5,2,2,2,Mon Cala
2025-07-09 09:05:48,266,stormtrooper,empire,1,4,10,4,Ojom
2025-07-09 09:05:47,267,at-at,resistance,9,6,10,6,Ryloth
2025-07-09 09:05:46,268,stormtrooper,empire,3,4,2,6,Corellia
2025-07-09 09:05:45,269,tie_silencer,resistance,8,2,2,8,Umbara
2025-07-09 09:05:44,270,tie_fighter,empire,5,4,1,5,Trandosha
2025-07-09 09:05:43,271,resistance_soldier,resistance,6,8,7,9,Kalee
2025-07-09 09:05:42,272,tie_fighter,empire,9,1,7,8,Dorin
2025-07-09 09:05:41,273,at-at,resistance,3,1,8,6,Zolan
2025-07-09 09:05:40,274,tie_silencer,resistance,1,2,10,7,Shili
2025-07-09 09:05:39,275,tie_fighter,resistance,10,2,10,3,Rodia
2025-07-09 09:05:38,276,tie_fighter,resistance,7,4,8,5,Zolan
2025-07-09 09:05:37,277,tie_silencer,empire,5,7,1,4,Malastare
2025-07-09 09:05:36,278,tie_fighter,resistance,1,2,4,7,Rodia
2025-07-09 09:05:35,279,at-st,empire,5,9,2,5,Trandosha
2025-07-09 09:05:34,280,x-wing,empire,4,8,9,3,Toydaria
2025-07-09 09:05:33,281,unknown,resistance,10,2,1,3,Glee Anselm
2025-07-09 09:05:32,282,unknown,empire,3,3,10,9,Trandosha
2025-07-09 09:05:31,283,stormtrooper,resistance,5,3,5,4,Trandosha
2025-07-09 09:05:30,284,stormtrooper,empire,1,10,2,8,Corellia
2025-07-09 09:05:29,285,tie_fighter,resistance,5,4,1,3,Malastare
2025-07-09 09:05:28,286,resistance_soldier,empire,6,8,1,5,Muunilinst
2025-07-09 09:05:27,287,resistance_soldier,resistance,10,8,3,6,Mirial
2025-07-09 09:05:26,288,resistance_soldier,resistance,10,6,6,10,Champala
2025-07-09 09:05:25,289,stormtrooper,empire,1,4,2,10,Trandosha
2025-07-09 09:05:24,290,at-st,resistance,4,6,1,10,Sullust
2025-07-09 09:05:23,291,tie_fighter,empire,7,2,6,5,Aleen Minor
2025-07-09 09:05:22,292,stormtrooper,empire,3,3,1,10,Zolan
2025-07-09 09:05:21,293,stormtrooper,empire,5,4,9,1,Concord Dawn
2025-07-09 09:05:20,294,unknown,empire,4,7,7,8,Chandrila
2025-07-09 09:05:19,295,tie_fighter,empire,2,1,3,9,Quermia
2025-07-09 09:05:18,296,x-wing,empire,4,3,3,6,Quermia
2025-07-09 09:05:17,297,resistance_soldier,empire,7,10,2,10,Bestine IV
2025-07-09 09:05:16,298,stormtrooper,resistance,10,9,9,1,Rodia
2025-07-09 09:05:15,299,unknown,resistance,6,2,8,6,Iridonia
2025-07-09 09:05:14,300,unknown,empire,8,9,5,10,Stewjon
2025-07-09 09:05:13,301,at-at,resistance,9,4,8,2,Vulpter
2025-07-09 09:05:12,302,tie_silencer,empire,10,7,9,7,Dagobah
2025-07-09 09:05:11,303,x-wing,resistance,5,7,8,10,Tatooine
2025-07-09 09:05:10,304,resistance_soldier,resistance,1,7,1,10,Eriadu
2025-07-09 09:05:09,305,stormtrooper,resistance,8,9,2,2,Shili
2025-07-09 09:05:08,306,resistance_soldier,empire,7,2,10,4,Ojom
2025-07-09 09:05:07,307,stormtrooper,resistance,9,4,9,5,Mon Cala
2025-07-09 09:05:06,308,resistance_soldier,empire,9,9,4,6,Serenno
2025-07-09 09:05:05,309,tie_fighter,resistance,9,10,5,3,Concord Dawn
2025-07-09 09:05:04,310,x-wing,empire,10,4,7,5,Dathomir
2025-07-09 09:05:03,311,stormtrooper,empire,1,3,2,4,Tatooine
2025-07-09 09:05:02,312,at-at,empire,1,9,10,2,Malastare
2025-07-09 09:05:01,313,stormtrooper,empire,1,3,8,9,Champala
2025-07-09 09:05:00,314,at-at,resistance,10,7,7,1,Glee Anselm
2025-07-09 09:04:59,315,at-at,empire,3,6,3,10,Umbara
2025-07-09 09:04:58,316,resistance_soldier,empire,10,4,7,6,Muunilinst
2025-07-09 09:04:57,317,at-st,empire,8,3,9,4,Skako
2025-07-09 09:04:56,318,x-wing,resistance,5,4,10,8,Iktotch
2025-07-09 09:04:55,319,resistance_soldier,empire,8,6,9,2,Iridonia
2025-07-09 09:04:54,320,unknown,empire,4,8,8,3,Tholoth
2025-07-09 09:04:53,321,tie_fighter,empire,5,10,8,9,Vulpter
2025-07-09 09:04:52,322,unknown,empire,8,7,1,10,Malastare
2025-07-09 09:04:51,323,at-at,resistance,6,7,4,10,Umbara
2025-07-09 09:04:50,324,at-at,empire,7,3,1,1,Malastare
2025-07-09 09:04:49,325,x-wing,empire,5,6,7,5,Aleen Minor
2025-07-09 09:04:48,326,resistance_soldier,empire,2,3,7,4,Shili
2025-07-09 09:04:47,327,stormtrooper,empire,8,5,3,8,Naboo
2025-07-09 09:04:46,328,at-at,resistance,7,5,4,7,Iridonia
2025-07-09 09:04:45,329,at-at,resistance,7,4,2,9,Rodia
2025-07-09 09:04:44,330,at-at,empire,1,1,6,9,Stewjon
2025-07-09 09:04:43,331,tie_silencer,empire,9,7,2,3,Socorro
2025-07-09 09:04:42,332,unknown,empire,2,10,7,5,Tatooine
2025-07-09 09:04:41,333,unknown,resistance,1,1,9,6,Socorro
2025-07-09 09:04:40,334,at-at,resistance,6,10,8,4,Sullust
2025-07-09 09:04:39,335,tie_fighter,empire,2,5,2,9,Glee Anselm
2025-07-09 09:04:38,336,x-wing,resistance,2,6,9,3,Ryloth
2025-07-09 09:04:37,337,at-at,empire,1,8,3,6,Trandosha
2025-07-09 09:04:36,338,at-at,resistance,7,2,4,7,Iridonia
2025-07-09 09:04:35,339,at-at,resistance,7,1,10,5,Dorin
2025-07-09 09:04:34,340,stormtrooper,empire,2,2,5,7,Tund
2025-07-09 09:04:33,341,x-wing,empire,9,3,3,2,Malastare
2025-07-09 09:04:32,342,unknown,resistance,10,3,7,5,Shili
2025-07-09 09:04:31,343,tie_fighter,resistance,8,10,3,7,Dorin
2025-07-09 09:04:30,344,x-wing,empire,7,5,5,8,Cerea
2025-07-09 09:04:29,345,tie_fighter,resistance,10,6,9,1,Iktotch
2025-07-09 09:04:28,346,x-wing,empire,7,3,9,10,Zolan
2025-07-09 09:04:27,347,tie_fighter,resistance,1,1,3,8,Cerea
2025-07-09 09:04:26,348,resistance_soldier,empire,9,1,9,9,Concord Dawn
2025-07-09 09:04:25,349,tie_silencer,empire,5,2,4,8,Eriadu
2025-07-09 09:04:24,350,at-at,empire,2,10,8,8,Corellia
2025-07-09 09:04:23,351,at-st,resistance,2,10,3,8,Troiken
2025-07-09 09:04:22,352,resistance_soldier,resistance,1,10,5,6,Aleen Minor
2025-07-09 09:04:21,353,stormtrooper,empire,7,8,3,7,Ojom
2025-07-09 09:04:20,354,at-at,resistance,7,1,4,5,Skako
2025-07-09 09:04:19,355,stormtrooper,empire,4,6,1,2,Mirial
2025-07-09 09:04:18,356,tie_silencer,resistance,4,5,4,3,Tholoth
2025-07-09 09:04:17,357,resistance_soldier,empire,4,1,10,1,Dorin
2025-07-09 09:04:16,358,stormtrooper,empire,3,2,3,9,Iktotch
2025-07-09 09:04:15,359,at-at,empire,9,8,4,7,Kalee
2025-07-09 09:04:14,360,stormtrooper,empire,8,4,3,5,Muunilinst
2025-07-09 09:04:13,361,at-at,resistance,9,9,6,6,Glee Anselm
2025-07-09 09:04:12,362,tie_fighter,empire,9,9,1,10,Socorro
2025-07-09 09:04:11,363,tie_silencer,resistance,3,8,1,6,Cerea
2025-07-09 09:04:10,364,at-at,resistance,2,10,6,7,Kalee
2025-07-09 09:04:09,365,at-st,resistance,7,9,9,10,Socorro
2025-07-09 09:04:08,366,unknown,empire,4,7,8,7,Cerea
2025-07-09 09:04:07,367,at-st,resistance,4,3,4,10,Skako
2025-07-09 09:04:06,368,x-wing,resistance,7,6,5,10,Glee Anselm
2025-07-09 09:04:05,369,tie_silencer,resistance,2,9,8,7,Aleen Minor
2025-07-09 09:04:04,370,tie_fighter,resistance,2,3,6,8,Zolan
2025-07-09 09:04:03,371,resistance_soldier,empire,1,8,3,5,Trandosha
2025-07-09 09:04:02,372,resistance_soldier,resistance,7,1,2,9,Tatooine
2025-07-09 09:04:01,373,stormtrooper,resistance,1,7,7,6,Sullust
2025-07-09 09:04:00,374,at-at,empire,3,2,9,2,Dagobah
2025-07-09 09:03:59,375,stormtrooper,empire,1,6,5,2,Umbara
2025-07-09 09:03:58,376,tie_fighter,empire,3,10,8,4,Champala
2025-07-09 09:03:57,377,tie_fighter,resistance,4,9,10,4,Kalee
2025-07-09 09:03:56,378,at-at,empire,2,1,10,4,Glee Anselm
2025-07-09 09:03:55,379,tie_fighter,empire,3,6,2,8,Trandosha
2025-07-09 09:03:54,380,stormtrooper,empire,2,4,4,8,Corellia
2025-07-09 09:03:53,381,x-wing,empire,10,7,6,10,Iridonia
2025-07-09 09:03:52,382,resistance_soldier,empire,2,3,3,4,Rodia
2025-07-09 09:03:51,383,unknown,empire,2,3,9,6,Troiken
2025-07-09 09:03:50,384,x-wing,resistance,9,2,4,1,Alderaan
2025-07-09 09:03:49,385,at-at,empire,3,2,5,5,Umbara
2025-07-09 09:03:48,386,stormtrooper,empire,1,6,8,5,Dagobah
2025-07-09 09:03:47,387,at-at,empire,8,4,7,8,Vulpter
2025-07-09 09:03:46,388,resistance_soldier,empire,8,10,3,7,Champala
2025-07-09 09:03:45,389,x-wing,empire,7,2,8,9,Bestine IV
2025-07-09 09:03:44,390,x-wing,empire,1,2,5,1,Mirial
2025-07-09 09:03:43,391,stormtrooper,empire,9,2,5,6,Quermia
2025-07-09 09:03:42,392,stormtrooper,empire,8,2,2,9,Champala
2025-07-09 09:03:41,393,at-at,resistance,10,4,8,8,Iridonia
2025-07-09 09:03:40,394,resistance_soldier,empire,9,5,5,4,Tholoth
2025-07-09 09:03:39,395,resistance_soldier,empire,7,5,4,10,Zolan
2025-07-09 09:03:38,396,stormtrooper,empire,8,3,10,7,Tatooine
2025-07-09 09:03:37,397,tie_silencer,resistance,1,5,4,6,Glee Anselm
2025-07-09 09:03:36,398,tie_fighter,empire,7,9,4,5,Naboo
2025-07-09 09:03:35,399,x-wing,resistance,8,10,10,4,Naboo
2025-07-09 09:03:34,400,x-wing,empire,8,3,4,2,Vulpter
2025-07-09 09:03:33,401,tie_silencer,empire,1,4,6,1,Bestine IV
2025-07-09 09:03:32,402,x-wing,empire,8,3,2,9,Stewjon
2025-07-09 09:03:31,403,tie_silencer,resistance,9,8,5,5,Mirial
2025-07-09 09:03:30,404,x-wing,empire,10,1,8,1,Kalee
2025-07-09 09:03:29,405,resistance_soldier,resistance,10,8,6,7,Iridonia
2025-07-09 09:03:28,406,x-wing,resistance,8,6,8,5,Sullust
2025-07-09 09:03:27,407,at-st,empire,1,1,3,4,Quermia
2025-07-09 09:03:26,408,resistance_soldier,empire,5,10,8,7,Tatooine
2025-07-09 09:03:25,409,tie_silencer,resistance,3,7,4,9,Umbara
2025-07-09 09:03:24,410,stormtrooper,resistance,5,4,6,7,Glee Anselm
2025-07-09 09:03:23,411,resistance_soldier,resistance,3,7,5,3,Alderaan
2025-07-09 09:03:22,412,at-at,resistance,7,10,10,3,Glee Anselm
2025-07-09 09:03:21,413,tie_silencer,resistance,10,10,9,3,Zolan
2025-07-09 09:03:20,414,tie_fighter,resistance,5,1,2,4,Kashyyyk
2025-07-09 09:03:19,415,at-st,resistance,8,5,8,1,Muunilinst
2025-07-09 09:03:18,416,stormtrooper,empire,7,2,9,3,Muunilinst
2025-07-09 09:03:17,417,unknown,empire,3,3,9,1,Tund
2025-07-09 09:03:16,418,x-wing,empire,10,9,2,4,Stewjon
2025-07-09 09:03:15,419,x-wing,resistance,3,6,2,6,Glee Anselm
2025-07-09 09:03:14,420,unknown,resistance,5,3,2,10,Alderaan
2025-07-09 09:03:13,421,tie_fighter,resistance,9,8,9,5,Zolan
2025-07-09 09:03:12,422,resistance_soldier,resistance,5,4,8,5,Tatooine
2025-07-09 09:03:11,423,unknown,resistance,3,5,9,6,Shili
2025-07-09 09:03:10,424,resistance_soldier,resistance,6,4,3,10,Ryloth
2025-07-09 09:03:09,425,tie_silencer,empire,2,8,8,9,Toydaria
2025-07-09 09:03:08,426,stormtrooper,resistance,4,5,7,6,Mon Cala
2025-07-09 09:03:07,427,tie_silencer,empire,10,2,7,8,Aleen Minor
2025-07-09 09:03:06,428,at-st,empire,6,2,9,6,Serenno
2025-07-09 09:03:05,429,stormtrooper,empire,8,5,1,8,Aleen Minor
2025-07-09 09:03:04,430,tie_fighter,resistance,2,2,4,7,Kashyyyk
2025-07-09 09:03:03,431,x-wing,resistance,8,9,9,7,Skako
2025-07-09 09:03:02,432,unknown,empire,1,1,6,6,Skako
2025-07-09 09:03:01,433,at-st,empire,6,10,4,4,Eriadu
2025-07-09 09:03:00,434,stormtrooper,resistance,6,3,7,5,Iridonia
2025-07-09 09:02:59,435,resistance_soldier,resistance,2,3,5,6,Socorro
2025-07-09 09:02:58,436,at-st,resistance,6,10,10,8,Bestine IV
2025-07-09 09:02:57,437,tie_silencer,resistance,2,1,6,7,Chandrila
2025-07-09 09:02:56,438,at-st,resistance,3,6,9,5,Zolan
2025-07-09 09:02:55,439,resistance_soldier,empire,1,5,10,3,Toydaria
2025-07-09 09:02:54,440,resistance_soldier,resistance,8,1,9,10,Shili
2025-07-09 09:02:53,441,at-at,empire,1,5,7,6,Naboo
2025-07-09 09:02:52,442,x-wing,resistance,6,8,3,6,Kashyyyk
2025-07-09 09:02:51,443,at-at,empire,5,4,7,4,Ojom
2025-07-09 09:02:50,444,unknown,resistance,3,6,5,5,Ryloth
2025-07-09 09:02:49,445,tie_fighter,resistance,4,5,7,2,Tatooine
2025-07-09 09:02:48,446,stormtrooper,empire,2,3,2,1,Cerea
2025-07-09 09:02:47,447,unknown,empire,6,2,4,1,Stewjon
2025-07-09 09:02:46,448,stormtrooper,resistance,2,8,8,5,Champala
2025-07-09 09:02:45,449,resistance_soldier,resistance,4,5,3,10,Kashyyyk
2025-07-09 09:02:44,450,resistance_soldier,resistance,6,4,3,2,Ojom
2025-07-09 09:02:43,451,at-st,empire,10,8,6,5,Vulpter
2025-07-09 09:02:42,452,tie_fighter,resistance,1,1,6,10,Bestine IV
2025-07-09 09:02:41,453,at-st,empire,10,5,10,2,Dorin
2025-07-09 09:02:40,454,at-at,resistance,6,5,1,7,Kalee
2025-07-09 09:02:39,455,at-st,empire,2,7,4,1,Tholoth
2025-07-09 09:02:38,456,x-wing,empire,9,8,6,6,Umbara
2025-07-09 09:02:37,457,tie_silencer,empire,10,2,1,1,Umbara
2025-07-09 09:02:36,458,tie_silencer,resistance,6,3,9,3,Champala
2025-07-09 09:02:35,459,tie_fighter,empire,8,3,6,10,Zolan
2025-07-09 09:02:34,460,stormtrooper,empire,8,7,5,2,Concord Dawn
2025-07-09 09:02:33,461,unknown,resistance,3,5,3,8,Rodia
2025-07-09 09:02:32,462,resistance_soldier,resistance,7,1,6,3,Concord Dawn
2025-07-09 09:02:31,463,tie_fighter,empire,3,8,10,2,Tund
2025-07-09 09:02:30,464,resistance_soldier,resistance,3,4,1,5,Eriadu
2025-07-09 09:02:29,465,unknown,empire,1,2,1,5,Malastare
2025-07-09 09:02:28,466,tie_silencer,resistance,7,10,3,9,Naboo
2025-07-09 09:02:27,467,stormtrooper,empire,6,8,7,7,Skako
2025-07-09 09:02:26,468,x-wing,empire,10,6,5,8,Shili
2025-07-09 09:02:25,469,unknown,resistance,7,8,10,10,Umbara
2025-07-09 09:02:24,470,tie_silencer,empire,9,5,1,6,Troiken
2025-07-09 09:02:23,471,stormtrooper,resistance,2,3,5,10,Glee Anselm
2025-07-09 09:02:22,472,unknown,empire,2,3,7,9,Vulpter
2025-07-09 09:02:21,473,at-at,resistance,2,5,10,5,Champala
2025-07-09 09:02:20,474,tie_silencer,resistance,1,4,6,4,Alderaan
2025-07-09 09:02:19,475,at-at,empire,1,2,6,1,Tholoth
2025-07-09 09:02:18,476,unknown,empire,1,2,2,4,Stewjon
2025-07-09 09:02:17,477,tie_fighter,resistance,4,6,5,5,Chandrila
2025-07-09 09:02:16,478,at-st,empire,8,2,2,4,Socorro
2025-07-09 09:02:15,479,at-st,empire,1,6,2,2,Trandosha
2025-07-09 09:02:14,480,unknown,resistance,6,4,2,9,Shili
2025-07-09 09:02:13,481,stormtrooper,resistance,10,8,8,8,Troiken
2025-07-09 09:02:12,482,x-wing,resistance,8,5,6,2,Vulpter
2025-07-09 09:02:11,483,at-at,resistance,8,10,10,6,Eriadu
2025-07-09 09:02:10,484,unknown,resistance,5,9,10,1,Kashyyyk
2025-07-09 09:02:09,485,at-st,empire,1,4,6,9,Corellia
2025-07-09 09:02:08,486,tie_silencer,empire,7,2,5,6,Stewjon
2025-07-09 09:02:07,487,tie_silencer,empire,1,3,8,5,Rodia
2025-07-09 09:02:06,488,at-st,empire,1,3,2,9,Muunilinst
2025-07-09 09:02:05,489,stormtrooper,empire,4,7,2,6,Serenno
2025-07-09 09:02:04,490,unknown,resistance,1,4,6,10,Iktotch
2025-07-09 09:02:03,491,tie_silencer,resistance,3,2,1,7,Alderaan
2025-07-09 09:02:02,492,unknown,resistance,7,8,6,2,Shili
2025-07-09 09:02:01,493,at-at,resistance,10,6,4,5,Stewjon
2025-07-09 09:02:00,494,tie_silencer,resistance,10,9,3,9,Chandrila
2025-07-09 09:01:59,495,at-at,resistance,8,4,7,9,Iktotch
2025-07-09 09:01:58,496,stormtrooper,empire,3,2,3,9,Dagobah
2025-07-09 09:01:57,497,tie_fighter,resistance,5,7,3,7,Shili
2025-07-09 09:01:56,498,at-st,resistance,8,8,7,4,Rodia
2025-07-09 09:01:55,499,tie_fighter,resistance,9,3,8,7,Sullust
2025-07-09 09:01:54,500,resistance_soldier,empire,2,3,8,6,Ojom
2025-07-09 09:01:53,501,resistance_soldier,empire,1,5,6,8,Haruun Kal
2025-07-09 09:01:52,502,x-wing,resistance,9,6,6,2,Glee Anselm
2025-07-09 09:01:51,503,at-st,resistance,10,10,3,1,Kalee
2025-07-09 09:01:50,504,unknown,empire,9,6,8,2,Quermia
2025-07-09 09:01:49,505,at-at,empire,8,3,9,6,Tatooine
2025-07-09 09:01:48,506,at-at,resistance,9,6,4,1,Kalee
2025-07-09 09:01:47,507,stormtrooper,empire,6,8,5,5,Quermia
2025-07-09 09:01:46,508,at-at,resistance,10,8,6,7,Vulpter
2025-07-09 09:01:45,509,tie_fighter,resistance,2,7,2,8,Chandrila
2025-07-09 09:01:44,510,unknown,resistance,1,8,4,9,Vulpter
2025-07-09 09:01:43,511,tie_fighter,empire,1,6,8,3,Tholoth
2025-07-09 09:01:42,512,x-wing,empire,9,9,10,10,Serenno
2025-07-09 09:01:41,513,stormtrooper,resistance,4,3,10,3,Mon Cala
2025-07-09 09:01:40,514,x-wing,resistance,1,9,6,8,Dathomir
2025-07-09 09:01:39,515,stormtrooper,empire,2,7,7,9,Umbara
2025-07-09 09:01:38,516,x-wing,empire,7,8,8,4,Toydaria
2025-07-09 09:01:37,517,stormtrooper,empire,7,6,4,9,Trandosha
2025-07-09 09:01:36,518,at-at,resistance,5,3,8,2,Serenno
2025-07-09 09:01:35,519,unknown,resistance,5,3,5,5,Chandrila
2025-07-09 09:01:34,520,tie_silencer,resistance,8,3,7,10,Dagobah
2025-07-09 09:01:33,521,at-st,resistance,3,9,3,9,Troiken
2025-07-09 09:01:32,522,stormtrooper,resistance,10,10,1,8,Vulpter
2025-07-09 09:01:31,523,resistance_soldier,resistance,8,10,3,7,Ojom
2025-07-09 09:01:30,524,at-st,empire,9,10,2,9,Glee Anselm
2025-07-09 09:01:29,525,x-wing,empire,6,1,6,10,Champala
2025-07-09 09:01:28,526,at-at,resistance,8,7,7,10,Kashyyyk
2025-07-09 09:01:27,527,x-wing,resistance,10,3,8,2,Ryloth
2025-07-09 09:01:26,528,stormtrooper,resistance,7,7,6,5,Chandrila
2025-07-09 09:01:25,529,tie_fighter,resistance,10,10,3,10,Mirial
2025-07-09 09:01:24,530,stormtrooper,resistance,8,5,8,10,Umbara
2025-07-09 09:01:23,531,tie_fighter,empire,10,3,4,9,Iridonia
2025-07-09 09:01:22,532,at-at,empire,1,8,2,2,Stewjon
2025-07-09 09:01:21,533,stormtrooper,empire,6,9,2,4,Toydaria
2025-07-09 09:01:20,534,at-st,resistance,1,9,3,4,Haruun Kal
2025-07-09 09:01:19,535,at-st,empire,10,7,3,5,Umbara
2025-07-09 09:01:18,536,at-at,empire,8,8,8,5,Ojom
2025-07-09 09:01:17,537,x-wing,empire,8,6,3,7,Toydaria
2025-07-09 09:01:16,538,x-wing,empire,9,8,6,6,Zolan
2025-07-09 09:01:15,539,x-wing,resistance,7,5,5,9,Umbara
2025-07-09 09:01:14,540,unknown,resistance,7,10,5,10,Socorro
2025-07-09 09:01:13,541,stormtrooper,resistance,8,7,9,5,Toydaria
2025-07-09 09:01:12,542,at-st,resistance,8,2,4,1,Malastare
2025-07-09 09:01:11,543,tie_silencer,empire,7,3,9,2,Zolan
2025-07-09 09:01:10,544,x-wing,resistance,8,2,7,6,Umbara
2025-07-09 09:01:09,545,resistance_soldier,resistance,3,2,7,8,Sullust
2025-07-09 09:01:08,546,at-at,empire,1,9,2,7,Trandosha
2025-07-09 09:01:07,547,at-at,resistance,5,6,8,6,Mirial
2025-07-09 09:01:06,548,unknown,empire,7,7,10,1,Sullust
2025-07-09 09:01:05,549,tie_silencer,empire,2,8,4,8,Quermia
2025-07-09 09:01:04,550,x-wing,resistance,7,1,1,5,Naboo
2025-07-09 09:01:03,551,resistance_soldier,resistance,7,1,6,9,Ryloth
2025-07-09 09:01:02,552,at-st,resistance,7,6,10,8,Iridonia
2025-07-09 09:01:01,553,stormtrooper,resistance,3,1,4,9,Champala
2025-07-09 09:01:00,554,stormtrooper,resistance,4,7,3,1,Eriadu
2025-07-09 09:00:59,555,at-at,empire,1,5,6,2,Trandosha
2025-07-09 09:00:58,556,unknown,resistance,4,3,8,8,Ryloth
2025-07-09 09:00:57,557,at-st,empire,5,9,5,2,Umbara
2025-07-09 09:00:56,558,resistance_soldier,empire,10,10,3,5,Dorin
2025-07-09 09:00:55,559,at-at,empire,6,10,9,9,Serenno
2025-07-09 09:00:54,560,tie_silencer,resistance,2,4,3,6,Umbara
2025-07-09 09:00:53,561,x-wing,resistance,10,10,3,8,Sullust
2025-07-09 09:00:52,562,x-wing,resistance,2,8,2,5,Haruun Kal
2025-07-09 09:00:51,563,resistance_soldier,empire,2,5,10,4,Eriadu
2025-07-09 09:00:50,564,x-wing,resistance,7,9,2,7,Chandrila
2025-07-09 09:00:49,565,resistance_soldier,empire,6,1,8,8,Aleen Minor
2025-07-09 09:00:48,566,stormtrooper,resistance,4,6,5,10,Sullust
2025-07-09 09:00:47,567,stormtrooper,empire,10,3,4,9,Champala
2025-07-09 09:00:46,568,tie_fighter,empire,2,8,6,6,Umbara
2025-07-09 09:00:45,569,unknown,empire,10,5,8,3,Toydaria
2025-07-09 09:00:44,570,at-st,resistance,6,5,6,9,Alderaan
2025-07-09 09:00:43,571,resistance_soldier,resistance,4,2,1,7,Troiken
2025-07-09 09:00:42,572,resistance_soldier,empire,3,7,5,4,Iridonia
2025-07-09 09:00:41,573,tie_fighter,empire,2,7,2,4,Dagobah
2025-07-09 09:00:40,574,tie_silencer,empire,3,8,9,3,Champala
2025-07-09 09:00:39,575,at-at,resistance,5,1,10,8,Haruun Kal
2025-07-09 09:00:38,576,at-at,resistance,5,9,8,3,Chandrila
2025-07-09 09:00:37,577,at-st,resistance,10,8,10,2,Haruun Kal
2025-07-09 09:00:36,578,stormtrooper,resistance,4,9,5,3,Haruun Kal
2025-07-09 09:00:35,579,stormtrooper,resistance,6,1,1,5,Trandosha
2025-07-09 09:00:34,580,x-wing,empire,5,2,3,5,Socorro
2025-07-09 09:00:33,581,unknown,resistance,8,6,7,9,Haruun Kal
2025-07-09 09:00:32,582,x-wing,empire,6,9,4,6,Mon Cala
2025-07-09 09:00:31,583,resistance_soldier,resistance,7,4,1,2,Cerea
2025-07-09 09:00:30,584,unknown,empire,6,2,10,5,Cerea
2025-07-09 09:00:29,585,stormtrooper,resistance,10,9,3,8,Skako
2025-07-09 09:00:28,586,unknown,empire,4,9,5,10,Champala
2025-07-09 09:00:27,587,at-st,empire,3,2,1,2,Tatooine
2025-07-09 09:00:26,588,at-st,empire,7,7,3,10,Dagobah
2025-07-09 09:00:25,589,stormtrooper,empire,7,10,2,10,Vulpter
2025-07-09 09:00:24,590,tie_silencer,resistance,9,2,3,4,Quermia
2025-07-09 09:00:23,591,unknown,resistance,1,10,7,1,Eriadu
2025-07-09 09:00:22,592,tie_silencer,resistance,1,1,7,5,Mon Cala
2025-07-09 09:00:21,593,x-wing,empire,6,4,3,5,Tatooine
2025-07-09 09:00:20,594,at-st,resistance,8,8,2,7,Concord Dawn
2025-07-09 09:00:19,595,tie_silencer,empire,1,1,2,5,Haruun Kal
2025-07-09 09:00:18,596,x-wing,resistance,7,4,5,9,Mon Cala
2025-07-09 09:00:17,597,tie_silencer,empire,9,2,3,4,Rodia
2025-07-09 09:00:16,598,at-at,empire,10,10,6,5,Corellia
2025-07-09 09:00:15,599,at-st,resistance,5,5,10,2,Ryloth
2025-07-09 09:00:14,600,at-at,empire,1,8,9,6,Dorin
2025-07-09 09:00:13,601,stormtrooper,resistance,6,4,1,6,Alderaan
2025-07-09 09:00:12,602,at-at,resistance,10,2,9,1,Haruun Kal
2025-07-09 09:00:11,603,at-at,resistance,9,3,3,4,Ojom
2025-07-09 09:00:10,604,at-st,resistance,10,9,5,9,Ryloth
2025-07-09 09:00:09,605,at-at,empire,3,1,9,5,Eriadu
2025-07-09 09:00:08,606,x-wing,resistance,9,6,4,10,Dathomir
2025-07-09 09:00:07,607,resistance_soldier,resistance,5,10,2,6,Champala
2025-07-09 09:00:06,608,stormtrooper,resistance,8,2,3,7,Mon Cala
2025-07-09 09:00:05,609,at-st,empire,3,5,7,1,Eriadu
2025-07-09 09:00:04,610,stormtrooper,empire,2,4,3,7,Serenno
2025-07-09 09:00:03,611,at-st,resistance,4,10,2,5,Alderaan
2025-07-09 09:00:02,612,resistance_soldier,empire,9,10,6,4,Glee Anselm
2025-07-09 09:00:01,613,tie_fighter,empire,9,3,10,10,Socorro
2025-07-09 09:00:00,614,tie_silencer,resistance,10,4,1,4,Ryloth
2025-07-09 08:59:59,615,unknown,empire,7,7,8,8,Socorro
2025-07-09 08:59:58,616,tie_silencer,resistance,3,3,3,8,Cerea
2025-07-09 08:59:57,617,unknown,resistance,3,5,10,1,Iridonia
2025-07-09 08:59:56,618,at-at,resistance,6,6,1,7,Stewjon
2025-07-09 08:59:55,619,at-at,empire,5,1,9,5,Tund
2025-07-09 08:59:54,620,at-at,resistance,6,9,10,4,Ryloth
2025-07-09 08:59:53,621,stormtrooper,resistance,1,5,3,10,Vulpter
2025-07-09 08:59:52,622,at-st,resistance,5,4,10,9,Zolan
2025-07-09 08:59:51,623,unknown,empire,10,8,9,2,Cerea
2025-07-09 08:59:50,624,at-st,resistance,2,8,3,10,Toydaria
2025-07-09 08:59:49,625,tie_fighter,resistance,2,2,7,5,Shili
2025-07-09 08:59:48,626,unknown,empire,4,8,1,4,Serenno
2025-07-09 08:59:47,627,at-st,empire,7,1,4,1,Muunilinst
2025-07-09 08:59:46,628,resistance_soldier,empire,9,10,4,2,Shili
2025-07-09 08:59:45,629,resistance_soldier,empire,5,10,4,8,Haruun Kal
2025-07-09 08:59:44,630,resistance_soldier,resistance,4,8,9,1,Troiken
2025-07-09 08:59:43,631,at-at,resistance,10,10,1,2,Mon Cala
2025-07-09 08:59:42,632,unknown,resistance,7,3,7,8,Malastare
2025-07-09 08:59:41,633,resistance_soldier,empire,8,9,1,10,Muunilinst
2025-07-09 08:59:40,634,x-wing,resistance,3,4,8,6,Iktotch
2025-07-09 08:59:39,635,unknown,resistance,6,8,3,5,Eriadu
2025-07-09 08:59:38,636,tie_silencer,resistance,3,5,6,3,Alderaan
2025-07-09 08:59:37,637,stormtrooper,empire,10,1,7,3,Concord Dawn
2025-07-09 08:59:36,638,x-wing,empire,4,10,9,9,Tund
2025-07-09 08:59:35,639,tie_fighter,resistance,3,4,9,9,Ojom
2025-07-09 08:59:34,640,resistance_soldier,resistance,9,7,6,9,Kashyyyk
2025-07-09 08:59:33,641,at-at,empire,10,2,2,4,Tholoth
2025-07-09 08:59:32,642,tie_fighter,empire,9,9,6,10,Troiken
2025-07-09 08:59:31,643,at-st,empire,9,4,10,2,Trandosha
2025-07-09 08:59:30,644,tie_fighter,empire,9,4,9,4,Rodia
2025-07-09 08:59:29,645,unknown,resistance,4,6,2,5,Iridonia
2025-07-09 08:59:28,646,resistance_soldier,resistance,2,5,8,9,Vulpter
2025-07-09 08:59:27,647,resistance_soldier,resistance,8,6,8,2,Glee Anselm
2025-07-09 08:59:26,648,resistance_soldier,resistance,8,5,3,2,Sullust
2025-07-09 08:59:25,649,x-wing,empire,10,6,8,4,Aleen Minor
2025-07-09 08:59:24,650,unknown,empire,4,4,1,4,Skako
2025-07-09 08:59:23,651,unknown,resistance,8,9,3,8,Iridonia
2025-07-09 08:59:22,652,at-at,resistance,4,7,4,8,Mirial
2025-07-09 08:59:21,653,at-at,resistance,10,9,4,3,Tatooine
2025-07-09 08:59:20,654,unknown,empire,9,3,3,4,Troiken
2025-07-09 08:59:19,655,stormtrooper,resistance,4,1,9,10,Dorin
2025-07-09 08:59:18,656,resistance_soldier,resistance,10,4,4,9,Naboo
2025-07-09 08:59:17,657,x-wing,resistance,2,5,4,3,Quermia
2025-07-09 08:59:16,658,tie_silencer,empire,10,4,3,3,Concord Dawn
2025-07-09 08:59:15,659,x-wing,resistance,2,2,2,10,Mon Cala
2025-07-09 08:59:14,660,at-at,empire,4,6,4,1,Stewjon
2025-07-09 08:59:13,661,stormtrooper,resistance,9,2,8,7,Dorin
2025-07-09 08:59:12,662,at-st,resistance,2,5,8,9,Champala
2025-07-09 08:59:11,663,resistance_soldier,empire,4,10,9,7,Umbara
2025-07-09 08:59:10,664,tie_silencer,resistance,3,5,2,5,Umbara
2025-07-09 08:59:09,665,tie_silencer,resistance,9,7,2,4,Socorro
2025-07-09 08:59:08,666,stormtrooper,resistance,4,1,4,6,Dathomir
2025-07-09 08:59:07,667,at-at,empire,8,6,4,5,Tholoth
2025-07-09 08:59:06,668,resistance_soldier,resistance,3,9,7,8,Ryloth
2025-07-09 08:59:05,669,x-wing,empire,10,7,10,3,Skako
2025-07-09 08:59:04,670,resistance_soldier,resistance,5,6,3,10,Trandosha
2025-07-09 08:59:03,671,x-wing,empire,2,1,3,8,Stewjon
2025-07-09 08:59:02,672,at-st,empire,10,3,5,8,Toydaria
2025-07-09 08:59:01,673,tie_fighter,empire,5,5,8,8,Aleen Minor
2025-07-09 08:59:00,674,tie_silencer,resistance,10,6,3,7,Alderaan
2025-07-09 08:58:59,675,stormtrooper,resistance,8,9,1,5,Cerea
2025-07-09 08:58:58,676,x-wing,resistance,4,1,6,7,Sullust
2025-07-09 08:58:57,677,resistance_soldier,empire,2,2,1,10,Bestine IV
2025-07-09 08:58:56,678,at-st,resistance,7,1,6,9,Quermia
2025-07-09 08:58:55,679,resistance_soldier,resistance,8,3,9,2,Kashyyyk
2025-07-09 08:58:54,680,at-st,resistance,1,10,1,3,Mon Cala
2025-07-09 08:58:53,681,x-wing,empire,9,10,5,9,Malastare
2025-07-09 08:58:52,682,x-wing,resistance,8,3,9,5,Trandosha
2025-07-09 08:58:51,683,at-st,resistance,1,2,7,4,Mirial
2025-07-09 08:58:50,684,x-wing,empire,6,2,8,5,Eriadu
2025-07-09 08:58:49,685,at-at,resistance,10,7,9,1,Alderaan
2025-07-09 08:58:48,686,resistance_soldier,resistance,9,9,6,2,Cerea
2025-07-09 08:58:47,687,stormtrooper,empire,8,4,4,2,Shili
2025-07-09 08:58:46,688,at-st,resistance,5,1,9,10,Iridonia
2025-07-09 08:58:45,689,at-st,resistance,10,10,10,3,Shili
2025-07-09 08:58:44,690,unknown,resistance,9,9,4,3,Dathomir
2025-07-09 08:58:43,691,at-at,resistance,1,2,5,7,Shili
2025-07-09 08:58:42,692,tie_silencer,resistance,8,7,8,2,Socorro
2025-07-09 08:58:41,693,resistance_soldier,empire,4,2,10,2,Serenno
2025-07-09 08:58:40,694,at-st,empire,6,4,3,7,Tholoth
2025-07-09 08:58:39,695,x-wing,empire,6,5,8,6,Aleen Minor
2025-07-09 08:58:38,696,unknown,resistance,7,4,4,5,Troiken
2025-07-09 08:58:37,697,at-st,resistance,4,5,2,4,Tund
2025-07-09 08:58:36,698,tie_silencer,empire,1,5,10,3,Mirial
2025-07-09 08:58:35,699,unknown,resistance,10,10,1,7,Kalee
2025-07-09 08:58:34,700,tie_silencer,resistance,1,6,6,6,Chandrila
2025-07-09 08:58:33,701,tie_fighter,empire,3,2,6,8,Serenno
2025-07-09 08:58:32,702,resistance_soldier,resistance,5,4,9,9,Eriadu
2025-07-09 08:58:31,703,x-wing,resistance,10,7,6,10,Dagobah
2025-07-09 08:58:30,704,unknown,empire,6,2,9,6,Dagobah
2025-07-09 08:58:29,705,at-at,resistance,8,7,2,8,Umbara
2025-07-09 08:58:28,706,at-st,empire,9,7,3,9,Tholoth
2025-07-09 08:58:27,707,at-at,empire,3,4,1,1,Cerea
2025-07-09 08:58:26,708,at-at,resistance,2,3,10,7,Tholoth
2025-07-09 08:58:25,709,tie_fighter,resistance,7,3,4,1,Haruun Kal
2025-07-09 08:58:24,710,at-at,resistance,10,9,10,9,Glee Anselm
2025-07-09 08:58:23,711,x-wing,empire,8,5,10,3,Bestine IV
2025-07-09 08:58:22,712,stormtrooper,empire,7,4,7,7,Serenno
2025-07-09 08:58:21,713,resistance_soldier,resistance,5,6,10,9,Toydaria
2025-07-09 08:58:20,714,resistance_soldier,empire,6,8,7,8,Tund
2025-07-09 08:58:19,715,tie_fighter,empire,9,6,4,5,Trandosha
2025-07-09 08:58:18,716,x-wing,empire,8,3,1,8,Dagobah
2025-07-09 08:58:17,717,tie_fighter,resistance,7,4,3,6,Trandosha
2025-07-09 08:58:16,718,resistance_soldier,empire,10,10,4,5,Dagobah
2025-07-09 08:58:15,719,tie_silencer,resistance,5,1,2,4,Umbara
2025-07-09 08:58:14,720,at-st,resistance,10,3,9,7,Quermia
2025-07-09 08:58:13,721,resistance_soldier,resistance,4,3,1,5,Trandosha
2025-07-09 08:58:12,722,resistance_soldier,resistance,1,10,2,9,Iktotch
2025-07-09 08:58:11,723,at-at,empire,3,3,10,3,Dathomir
2025-07-09 08:58:10,724,stormtrooper,empire,4,4,10,5,Rodia
2025-07-09 08:58:09,725,unknown,empire,6,5,3,1,Tund
2025-07-09 08:58:08,726,unknown,empire,1,3,1,2,Concord Dawn
2025-07-09 08:58:07,727,at-st,resistance,4,1,10,6,Socorro
2025-07-09 08:58:06,728,unknown,resistance,9,1,9,9,Naboo
2025-07-09 08:58:05,729,tie_fighter,empire,4,7,1,6,Quermia
2025-07-09 08:58:04,730,stormtrooper,empire,8,4,7,8,Kalee
2025-07-09 08:58:03,731,tie_silencer,empire,6,10,1,9,Corellia
2025-07-09 08:58:02,732,unknown,empire,9,5,2,3,Skako
2025-07-09 08:58:01,733,resistance_soldier,empire,8,6,8,7,Serenno
2025-07-09 08:58:00,734,resistance_soldier,empire,5,3,3,2,Quermia
2025-07-09 08:57:59,735,tie_silencer,resistance,6,9,6,8,Rodia
2025-07-09 08:57:58,736,at-at,resistance,8,7,3,4,Chandrila
2025-07-09 08:57:57,737,resistance_soldier,empire,4,10,4,5,Bestine IV
2025-07-09 08:57:56,738,resistance_soldier,empire,8,7,3,1,Iktotch
2025-07-09 08:57:55,739,tie_silencer,empire,5,8,6,9,Malastare
2025-07-09 08:57:54,740,tie_silencer,empire,9,7,8,6,Eriadu
2025-07-09 08:57:53,741,resistance_soldier,empire,9,5,9,9,Stewjon
2025-07-09 08:57:52,742,resistance_soldier,resistance,8,9,7,9,Chandrila
2025-07-09 08:57:51,743,stormtrooper,empire,1,7,3,10,Corellia
2025-07-09 08:57:50,744,unknown,empire,2,5,9,8,Rodia
2025-07-09 08:57:49,745,resistance_soldier,empire,6,6,1,6,Muunilinst
2025-07-09 08:57:48,746,tie_silencer,empire,9,6,10,2,Champala
2025-07-09 08:57:47,747,unknown,resistance,2,2,8,1,Malastare
2025-07-09 08:57:46,748,stormtrooper,resistance,7,9,2,2,Dorin
2025-07-09 08:57:45,749,stormtrooper,empire,1,6,1,3,Eriadu
2025-07-09 08:57:44,750,resistance_soldier,resistance,7,4,1,9,Ojom
2025-07-09 08:57:43,751,tie_fighter,resistance,2,8,6,4,Bestine IV
2025-07-09 08:57:42,752,x-wing,empire,8,4,7,5,Dagobah
2025-07-09 08:57:41,753,tie_fighter,empire,2,10,4,10,Muunilinst
2025-07-09 08:57:40,754,tie_fighter,resistance,2,6,7,10,Troiken
2025-07-09 08:57:39,755,tie_fighter,empire,1,1,9,5,Tund
2025-07-09 08:57:38,756,at-at,empire,4,9,10,7,Dorin
2025-07-09 08:57:37,757,tie_fighter,resistance,9,2,5,4,Mon Cala
2025-07-09 08:57:36,758,resistance_soldier,resistance,3,3,5,2,Chandrila
2025-07-09 08:57:35,759,at-at,resistance,1,6,9,9,Iridonia
2025-07-09 08:57:34,760,at-st,empire,1,5,3,6,Rodia
2025-07-09 08:57:33,761,tie_fighter,empire,3,6,9,5,Kalee
2025-07-09 08:57:32,762,tie_silencer,empire,7,6,4,2,Dathomir
2025-07-09 08:57:31,763,x-wing,resistance,3,2,7,9,Socorro
2025-07-09 08:57:30,764,resistance_soldier,resistance,2,1,8,4,Kashyyyk
2025-07-09 08:57:29,765,stormtrooper,resistance,2,4,6,3,Vulpter
2025-07-09 08:57:28,766,tie_silencer,empire,2,10,1,9,Toydaria
2025-07-09 08:57:27,767,tie_fighter,empire,7,7,1,9,Umbara
2025-07-09 08:57:26,768,tie_silencer,resistance,8,10,8,5,Haruun Kal
2025-07-09 08:57:25,769,tie_silencer,empire,5,10,9,3,Haruun Kal
2025-07-09 08:57:24,770,x-wing,empire,5,8,1,1,Aleen Minor
2025-07-09 08:57:23,771,at-at,empire,5,1,9,10,Dagobah
2025-07-09 08:57:22,772,unknown,empire,7,5,10,5,Tund
2025-07-09 08:57:21,773,at-st,empire,2,2,8,3,Zolan
2025-07-09 08:57:20,774,x-wing,resistance,5,10,1,8,Dathomir
2025-07-09 08:57:19,775,stormtrooper,empire,10,1,5,1,Aleen Minor
2025-07-09 08:57:18,776,tie_fighter,empire,6,9,6,2,Dathomir
2025-07-09 08:57:17,777,x-wing,resistance,1,5,3,1,Bestine IV
2025-07-09 08:57:16,778,at-at,empire,3,6,1,10,Toydaria
2025-07-09 08:57:15,779,tie_fighter,resistance,10,3,8,3,Quermia
2025-07-09 08:57:14,780,unknown,resistance,9,1,6,4,Mon Cala
2025-07-09 08:57:13,781,resistance_soldier,empire,2,7,10,6,Cerea
2025-07-09 08:57:12,782,tie_fighter,resistance,9,6,10,1,Sullust
2025-07-09 08:57:11,783,unknown,empire,2,7,8,8,Trandosha
2025-07-09 08:57:10,784,at-at,resistance,9,3,10,2,Skako
2025-07-09 08:57:09,785,tie_fighter,resistance,2,8,7,9,Umbara
2025-07-09 08:57:08,786,at-st,empire,4,6,4,9,Vulpter
2025-07-09 08:57:07,787,resistance_soldier,empire,4,8,10,1,Dagobah
2025-07-09 08:57:06,788,x-wing,resistance,3,2,1,10,Champala
2025-07-09 08:57:05,789,at-at,resistance,2,4,10,9,Dagobah
2025-07-09 08:57:04,790,at-st,resistance,2,7,3,6,Tatooine
2025-07-09 08:57:03,791,tie_silencer,empire,3,10,1,9,Ojom
2025-07-09 08:57:02,792,resistance_soldier,resistance,1,9,3,3,Vulpter
2025-07-09 08:57:01,793,x-wing,resistance,6,9,1,2,Dathomir
2025-07-09 08:57:00,794,unknown,resistance,1,8,10,2,Sullust
2025-07-09 08:56:59,795,at-st,resistance,4,9,9,5,Quermia
2025-07-09 08:56:58,796,unknown,empire,7,3,9,3,Muunilinst
2025-07-09 08:56:57,797,resistance_soldier,resistance,1,1,7,7,Glee Anselm
2025-07-09 08:56:56,798,stormtrooper,resistance,2,2,9,3,Alderaan
2025-07-09 08:56:55,799,stormtrooper,empire,7,3,10,7,Muunilinst
2025-07-09 08:56:54,800,tie_fighter,empire,6,10,4,3,Skako
2025-07-09 08:56:53,801,stormtrooper,resistance,2,2,2,4,Chandrila
2025-07-09 08:56:52,802,at-st,empire,5,3,8,5,Champala
2025-07-09 08:56:51,803,at-at,empire,1,4,8,1,Stewjon
2025-07-09 08:56:50,804,tie_silencer,empire,5,1,5,8,Corellia
2025-07-09 08:56:49,805,stormtrooper,resistance,3,9,9,7,Chandrila
2025-07-09 08:56:48,806,stormtrooper,resistance,6,9,3,9,Alderaan
2025-07-09 08:56:47,807,stormtrooper,resistance,8,6,6,4,Aleen Minor
2025-07-09 08:56:46,808,stormtrooper,resistance,7,2,2,7,Concord Dawn
2025-07-09 08:56:45,809,resistance_soldier,empire,7,4,8,7,Dorin
2025-07-09 08:56:44,810,tie_silencer,empire,4,1,4,5,Chandrila
2025-07-09 08:56:43,811,x-wing,empire,6,9,9,7,Tholoth
2025-07-09 08:56:42,812,stormtrooper,resistance,6,10,3,6,Naboo
2025-07-09 08:56:41,813,tie_fighter,empire,8,9,3,7,Cerea
2025-07-09 08:56:40,814,tie_silencer,resistance,9,8,5,10,Aleen Minor
2025-07-09 08:56:39,815,at-st,empire,4,3,9,8,Tholoth
2025-07-09 08:56:38,816,x-wing,empire,4,6,8,6,Trandosha
2025-07-09 08:56:37,817,at-at,resistance,6,3,4,7,Skako
2025-07-09 08:56:36,818,at-at,empire,6,10,6,9,Concord Dawn
2025-07-09 08:56:35,819,tie_fighter,resistance,4,7,3,1,Iktotch
2025-07-09 08:56:34,820,tie_fighter,resistance,4,6,5,7,Champala
2025-07-09 08:56:33,821,stormtrooper,empire,7,9,1,9,Dagobah
2025-07-09 08:56:32,822,tie_fighter,resistance,10,1,10,8,Ryloth
2025-07-09 08:56:31,823,stormtrooper,resistance,10,1,4,9,Alderaan
2025-07-09 08:56:30,824,x-wing,empire,6,4,7,6,Corellia
2025-07-09 08:56:29,825,at-at,resistance,1,9,9,8,Iktotch
2025-07-09 08:56:28,826,x-wing,resistance,9,7,4,5,Dathomir
2025-07-09 08:56:27,827,at-at,resistance,6,10,10,6,Cerea
2025-07-09 08:56:26,828,tie_silencer,resistance,3,6,7,2,Concord Dawn
2025-07-09 08:56:25,829,at-at,resistance,1,8,2,4,Bestine IV
2025-07-09 08:56:24,830,x-wing,resistance,9,7,6,7,Zolan
2025-07-09 08:56:23,831,tie_silencer,empire,6,1,1,5,Haruun Kal
2025-07-09 08:56:22,832,unknown,resistance,10,5,3,1,Ryloth
2025-07-09 08:56:21,833,x-wing,resistance,6,3,3,4,Haruun Kal
2025-07-09 08:56:20,834,resistance_soldier,resistance,3,6,2,8,Ojom
2025-07-09 08:56:19,835,at-st,empire,2,2,2,7,Shili
2025-07-09 08:56:18,836,x-wing,empire,8,3,6,10,Dagobah
2025-07-09 08:56:17,837,x-wing,resistance,3,6,6,10,Iktotch
2025-07-09 08:56:16,838,tie_silencer,empire,8,8,9,2,Naboo
2025-07-09 08:56:15,839,at-st,empire,2,2,3,2,Vulpter
2025-07-09 08:56:14,840,stormtrooper,empire,4,1,9,6,Glee Anselm
2025-07-09 08:56:13,841,unknown,empire,10,7,4,8,Glee Anselm
2025-07-09 08:56:12,842,resistance_soldier,empire,9,4,10,1,Toydaria
2025-07-09 08:56:11,843,unknown,resistance,7,6,8,9,Tund
2025-07-09 08:56:10,844,at-at,resistance,9,7,4,2,Toydaria
2025-07-09 08:56:09,845,stormtrooper,resistance,10,3,4,9,Sullust
2025-07-09 08:56:08,846,resistance_soldier,empire,5,2,3,9,Dagobah
2025-07-09 08:56:07,847,at-st,resistance,7,8,4,6,Naboo
2025-07-09 08:56:06,848,x-wing,resistance,5,6,9,5,Bestine IV
2025-07-09 08:56:05,849,unknown,resistance,10,5,6,7,Trandosha
2025-07-09 08:56:04,850,tie_fighter,resistance,8,6,1,9,Kashyyyk
2025-07-09 08:56:03,851,at-at,resistance,1,4,4,10,Glee Anselm
2025-07-09 08:56:02,852,tie_silencer,resistance,7,7,9,6,Sullust
2025-07-09 08:56:01,853,resistance_soldier,resistance,3,5,3,2,Skako
2025-07-09 08:56:00,854,tie_silencer,resistance,7,10,8,9,Tatooine
2025-07-09 08:55:59,855,resistance_soldier,empire,6,10,4,5,Toydaria
2025-07-09 08:55:58,856,stormtrooper,resistance,2,3,10,1,Cerea
2025-07-09 08:55:57,857,resistance_soldier,resistance,8,1,9,4,Ryloth
2025-07-09 08:55:56,858,x-wing,resistance,8,2,10,4,Mon Cala
2025-07-09 08:55:55,859,at-at,empire,6,3,2,7,Aleen Minor
2025-07-09 08:55:54,860,at-at,resistance,3,10,5,3,Shili
2025-07-09 08:55:53,861,x-wing,resistance,1,7,9,6,Kashyyyk
2025-07-09 08:55:52,862,stormtrooper,empire,1,4,4,10,Mirial
2025-07-09 08:55:51,863,x-wing,empire,10,3,8,7,Trandosha
2025-07-09 08:55:50,864,unknown,resistance,5,4,3,7,Vulpter
2025-07-09 08:55:49,865,x-wing,empire,2,7,1,2,Stewjon
2025-07-09 08:55:48,866,resistance_soldier,resistance,8,7,7,2,Naboo
2025-07-09 08:55:47,867,resistance_soldier,empire,6,7,7,8,Dagobah
2025-07-09 08:55:46,868,tie_fighter,empire,5,6,1,3,Dorin
2025-07-09 08:55:45,869,resistance_soldier,resistance,1,6,4,4,Bestine IV
2025-07-09 08:55:44,870,x-wing,resistance,9,10,9,6,Alderaan
2025-07-09 08:55:43,871,x-wing,resistance,7,6,7,7,Quermia
2025-07-09 08:55:42,872,x-wing,empire,7,2,5,8,Tatooine
2025-07-09 08:55:41,873,tie_silencer,empire,5,1,1,4,Serenno
2025-07-09 08:55:40,874,tie_fighter,resistance,7,1,9,1,Chandrila
2025-07-09 08:55:39,875,stormtrooper,resistance,1,2,5,7,Dathomir
2025-07-09 08:55:38,876,unknown,empire,7,9,7,2,Toydaria
2025-07-09 08:55:37,877,tie_fighter,empire,6,9,4,10,Tatooine
2025-07-09 08:55:36,878,resistance_soldier,resistance,1,2,4,2,Iridonia
2025-07-09 08:55:35,879,x-wing,resistance,8,8,8,8,Iktotch
2025-07-09 08:55:34,880,stormtrooper,empire,3,4,6,9,Iridonia
2025-07-09 08:55:33,881,tie_fighter,empire,8,6,3,3,Eriadu
2025-07-09 08:55:32,882,at-at,resistance,9,3,4,5,Rodia
2025-07-09 08:55:31,883,at-at,resistance,10,3,2,6,Iktotch
2025-07-09 08:55:30,884,resistance_soldier,empire,9,1,6,5,Naboo
2025-07-09 08:55:29,885,unknown,empire,1,7,5,5,Zolan
2025-07-09 08:55:28,886,at-at,resistance,3,3,7,10,Kashyyyk
2025-07-09 08:55:27,887,at-st,empire,3,8,3,10,Vulpter
2025-07-09 08:55:26,888,stormtrooper,resistance,10,8,7,2,Toydaria
2025-07-09 08:55:25,889,unknown,resistance,4,6,9,3,Umbara
2025-07-09 08:55:24,890,resistance_soldier,resistance,7,6,8,3,Naboo
2025-07-09 08:55:23,891,unknown,empire,2,6,1,9,Dorin
2025-07-09 08:55:22,892,resistance_soldier,empire,9,1,2,10,Muunilinst
2025-07-09 08:55:21,893,stormtrooper,empire,10,7,9,1,Rodia
2025-07-09 08:55:20,894,at-st,empire,2,9,3,1,Cerea
2025-07-09 08:55:19,895,tie_fighter,resistance,10,5,9,10,Cerea
2025-07-09 08:55:18,896,unknown,empire,3,3,7,5,Muunilinst
2025-07-09 08:55:17,897,tie_fighter,resistance,8,10,2,8,Trandosha
2025-07-09 08:55:16,898,x-wing,empire,7,1,10,8,Iridonia
2025-07-09 08:55:15,899,at-st,resistance,7,6,7,4,Glee Anselm
2025-07-09 08:55:14,900,unknown,empire,6,8,3,5,Quermia
2025-07-09 08:55:13,901,stormtrooper,empire,5,3,5,4,Troiken
2025-07-09 08:55:12,902,tie_fighter,resistance,5,10,6,8,Toydaria
2025-07-09 08:55:11,903,unknown,empire,7,6,3,6,Troiken
2025-07-09 08:55:10,904,x-wing,empire,4,3,1,4,Mirial
2025-07-09 08:55:09,905,tie_silencer,resistance,2,4,8,5,Trandosha
2025-07-09 08:55:08,906,x-wing,empire,3,1,3,3,Mon Cala
2025-07-09 08:55:07,907,tie_silencer,empire,9,4,5,3,Zolan
2025-07-09 08:55:06,908,tie_fighter,resistance,2,3,1,6,Chandrila
2025-07-09 08:55:05,909,tie_fighter,empire,4,8,3,6,Mirial
2025-07-09 08:55:04,910,at-at,resistance,2,7,5,2,Kashyyyk
2025-07-09 08:55:03,911,resistance_soldier,resistance,7,8,8,3,Champala
2025-07-09 08:55:02,912,at-st,resistance,7,3,1,1,Alderaan
2025-07-09 08:55:01,913,tie_silencer,empire,7,9,6,9,Quermia
2025-07-09 08:55:00,914,tie_silencer,resistance,6,2,2,2,Glee Anselm
2025-07-09 08:54:59,915,resistance_soldier,resistance,10,5,3,1,Mon Cala
2025-07-09 08:54:58,916,resistance_soldier,empire,1,8,2,7,Quermia
2025-07-09 08:54:57,917,at-st,empire,1,4,6,10,Shili
2025-07-09 08:54:56,918,at-at,resistance,6,9,4,3,Kashyyyk
2025-07-09 08:54:55,919,at-st,resistance,10,3,6,2,Iridonia
2025-07-09 08:54:54,920,unknown,resistance,8,5,7,4,Ryloth
2025-07-09 08:54:53,921,stormtrooper,resistance,4,7,7,2,Socorro
2025-07-09 08:54:52,922,stormtrooper,resistance,9,8,3,9,Mon Cala
2025-07-09 08:54:51,923,tie_silencer,resistance,2,5,9,5,Socorro
2025-07-09 08:54:50,924,tie_silencer,resistance,1,3,8,2,Ryloth
2025-07-09 08:54:49,925,x-wing,empire,1,3,6,9,Tholoth
2025-07-09 08:54:48,926,unknown,empire,1,3,2,7,Mirial
2025-07-09 08:54:47,927,tie_fighter,resistance,4,8,5,10,Trandosha
2025-07-09 08:54:46,928,at-st,empire,5,2,1,5,Stewjon
2025-07-09 08:54:45,929,unknown,empire,8,8,10,6,Toydaria
2025-07-09 08:54:44,930,tie_fighter,resistance,8,9,9,4,Kashyyyk
2025-07-09 08:54:43,931,stormtrooper,empire,8,10,10,1,Concord Dawn
2025-07-09 08:54:42,932,stormtrooper,resistance,10,4,10,2,Tund
2025-07-09 08:54:41,933,at-st,resistance,5,2,7,7,Glee Anselm
2025-07-09 08:54:40,934,at-st,resistance,3,7,8,5,Iktotch
2025-07-09 08:54:39,935,x-wing,empire,6,1,4,3,Champala
2025-07-09 08:54:38,936,x-wing,empire,2,8,7,2,Stewjon
2025-07-09 08:54:37,937,stormtrooper,empire,4,5,3,7,Zolan
2025-07-09 08:54:36,938,at-st,resistance,4,8,1,5,Bestine IV
2025-07-09 08:54:35,939,resistance_soldier,empire,4,4,10,9,Shili
2025-07-09 08:54:34,940,tie_silencer,resistance,6,8,9,10,Ojom
2025-07-09 08:54:33,941,at-at,resistance,1,9,1,2,Mon Cala
2025-07-09 08:54:32,942,at-st,empire,1,10,7,9,Skako
2025-07-09 08:54:31,943,tie_fighter,resistance,5,3,10,1,Iktotch
2025-07-09 08:54:30,944,tie_fighter,empire,7,4,8,3,Tatooine
2025-07-09 08:54:29,945,tie_fighter,empire,9,2,4,6,Dagobah
2025-07-09 08:54:28,946,stormtrooper,resistance,6,6,2,6,Champala
2025-07-09 08:54:27,947,resistance_soldier,resistance,10,2,7,9,Glee Anselm
2025-07-09 08:54:26,948,at-at,resistance,10,5,8,6,Iktotch
2025-07-09 08:54:25,949,at-at,empire,10,5,10,6,Ojom
2025-07-09 08:54:24,950,unknown,resistance,10,4,10,6,Socorro
2025-07-09 08:54:23,951,at-at,resistance,4,8,2,2,Dorin
2025-07-09 08:54:22,952,stormtrooper,resistance,8,5,6,1,Iktotch
2025-07-09 08:54:21,953,tie_silencer,resistance,9,10,7,8,Socorro
2025-07-09 08:54:20,954,tie_silencer,resistance,5,4,10,10,Iktotch
2025-07-09 08:54:19,955,tie_silencer,resistance,3,5,2,2,Ryloth
2025-07-09 08:54:18,956,tie_silencer,empire,10,1,4,1,Corellia
2025-07-09 08:54:17,957,x-wing,empire,3,7,7,1,Tholoth
2025-07-09 08:54:16,958,resistance_soldier,empire,5,8,7,6,Aleen Minor
2025-07-09 08:54:15,959,tie_silencer,resistance,4,9,2,3,Iridonia
2025-07-09 08:54:14,960,resistance_soldier,resistance,9,7,5,1,Ryloth
2025-07-09 08:54:13,961,tie_fighter,resistance,1,2,9,3,Muunilinst
2025-07-09 08:54:12,962,unknown,resistance,1,5,4,4,Iridonia
2025-07-09 08:54:11,963,tie_silencer,resistance,10,6,5,10,Iridonia
2025-07-09 08:54:10,964,at-st,resistance,4,4,6,4,Ryloth
2025-07-09 08:54:09,965,unknown,empire,10,7,4,5,Tholoth
2025-07-09 08:54:08,966,at-at,resistance,3,10,9,7,Dorin
2025-07-09 08:54:07,967,tie_fighter,empire,5,8,7,3,Umbara
2025-07-09 08:54:06,968,x-wing,empire,7,7,3,7,Concord Dawn
2025-07-09 08:54:05,969,x-wing,resistance,10,4,2,1,Aleen Minor
2025-07-09 08:54:04,970,at-st,empire,6,6,2,1,Dorin
2025-07-09 08:54:03,971,x-wing,resistance,7,1,2,5,Troiken
2025-07-09 08:54:02,972,tie_silencer,empire,4,8,6,6,Trandosha
2025-07-09 08:54:01,973,resistance_soldier,resistance,8,1,3,2,Sullust
2025-07-09 08:54:00,974,at-st,empire,2,10,9,8,Ojom
2025-07-09 08:53:59,975,stormtrooper,empire,1,4,5,5,Shili
2025-07-09 08:53:58,976,stormtrooper,resistance,2,4,5,9,Trandosha
2025-07-09 08:53:57,977,at-at,resistance,8,6,3,7,Ryloth
2025-07-09 08:53:56,978,at-at,empire,4,10,10,4,Zolan
2025-07-09 08:53:55,979,stormtrooper,resistance,9,3,2,3,Umbara
2025-07-09 08:53:54,980,resistance_soldier,empire,3,2,1,2,Trandosha
2025-07-09 08:53:53,981,at-at,resistance,1,6,2,2,Vulpter
2025-07-09 08:53:52,982,tie_fighter,empire,1,5,2,5,Corellia
2025-07-09 08:53:51,983,stormtrooper,empire,7,8,8,8,Vulpter
2025-07-09 08:53:50,984,unknown,empire,9,10,9,1,Toydaria
2025-07-09 08:53:49,985,at-at,empire,9,8,10,4,Serenno
2025-07-09 08:53:48,986,tie_fighter,empire,9,10,1,5,Cerea
2025-07-09 08:53:47,987,at-at,resistance,1,7,1,9,Zolan
2025-07-09 08:53:46,988,at-at,resistance,3,2,7,3,Kalee
2025-07-09 08:53:45,989,x-wing,resistance,1,8,2,3,Tatooine
2025-07-09 08:53:44,990,at-st,empire,7,2,5,6,Eriadu
2025-07-09 08:53:43,991,tie_silencer,resistance,5,9,10,10,Tholoth
2025-07-09 08:53:42,992,at-at,resistance,7,10,3,7,Kalee
2025-07-09 08:53:41,993,stormtrooper,empire,5,3,10,6,Champala
2025-07-09 08:53:40,994,x-wing,empire,3,9,2,1,Cerea
2025-07-09 08:53:39,995,tie_fighter,empire,9,1,5,5,Bestine IV
2025-07-09 08:53:38,996,x-wing,empire,6,3,6,2,Tund
2025-07-09 08:53:37,997,x-wing,empire,5,3,3,4,Toydaria
2025-07-09 08:53:36,998,at-at,empire,6,3,3,2,Concord Dawn
2025-07-09 08:53:35,999,stormtrooper,empire,5,7,1,10,Cerea
2025-07-09 08:53:34,1000,unknown,empire,8,2,5,5,Concord Dawn
